{"cameraMode":{"drawMode":0,"name":"Shaded","section":"Shading Mode"},"sceneLighting":false,"audioPlay":false,"sceneViewState":{"showFog":false,"showMaterialUpdate":false,"showSkybox":false,"showFlares":false,"showImageEffects":false,"showParticleSystems":false},"in2DMode":false,"pivot":{"x":-8.007147789001465,"y":0.622228741645813,"z":-0.43485474586486819},"rotation":{"x":-0.11920179426670075,"y":-0.7100236415863037,"z":0.12394292652606964,"w":-0.6828583478927612},"size":0.5071737170219421,"orthographic":false}